<?xml version="1.0" encoding="UTF-8"?>
<project-private xmlns="http://www.netbeans.org/ns/project-private/1">
    <editor-bookmarks xmlns="http://www.netbeans.org/ns/editor-bookmarks/2" lastBookmarkId="0"/>
    <open-files xmlns="http://www.netbeans.org/ns/projectui-open-files/2">
        <group>
            <file>file:/home/lace22/m3java/12_A03_Seleccio2/src/pkg12_a03_seleccio2/Ex6.java</file>
            <file>file:/home/lace22/m3java/12_A03_Seleccio2/src/pkg12_a03_seleccio2/Ex3.java</file>
            <file>file:/home/lace22/m3java/12_A03_Seleccio2/src/pkg12_a03_seleccio2/Ex5.java</file>
            <file>file:/home/lace22/m3java/12_A03_Seleccio2/src/pkg12_a03_seleccio2/Ex4.java</file>
        </group>
    </open-files>
</project-private>
